Workbook
Name Slicer_Department: #N/A
Name Slicer_Experience_Level: #N/A
Name Slicer_Gender: #N/A
Name Slicer_Job_Role: #N/A
Name Slicer_Performance_Category: #N/A

Sheet 1Department-wise_Salary
A3: Row Labels | B3: Average of Salary
A4: Finance | B4: 54835.199
A5: HR | B5: 49063.073
A6: IT | B6: 54129.587
A7: Sales | B7: 53935.786
A8: Grand Total | B8: 52933.731

Sheet 2Attendance_Analysis
A3: Row Labels | B3: Average of Attendance (%)
A4: Sales | B4: 84.759352
A5: IT | B5: 88.277523
A6: HR | B6: 85.276376
A7: Finance | B7: 88.951493
A8: Grand Total | B8: 86.815821

Sheet DASHBOARD
AY39: ='2Attendance_Analysis'!B8 -> 86.815821
AY41: =COUNTA(Table1[Employee ID]) -> 3350
AY43: ='1Department-wise_Salary'!B8 -> 52933.731
AY45: ='3Performance_Distribution'!B7 -> 3350

Sheet Sheet1
D9: ='1Department-wise_Salary'!B8 -> 52933.731 | F9: ='2Attendance_Analysis'!B8 -> 86.815821 | H9: ='3Performance_Distribution'!B7 -> 3350 | J9: male | K9: {='4Gender_Distribution'!B4:B5} -> 1676
J10: female | K10: 1674

Sheet 3Performance_Distribution
A3: Row Labels | B3: Count of Employee ID
A4: Average | B4: 1010
A5: High Performer | B5: 2029
A6: Low Performer | B6: 311
A7: Grand Total | B7: 3350

Sheet 4Gender_Distribution
A3: Row Labels | B3: Count of Employee ID
A4: Female | B4: 1676
A5: Male | B5: 1674
A6: Grand Total | B6: 3350

Sheet HR_Raw_Data
A1: Employee ID | B1: Employee Name | C1: Department | D1: Job Role | E1: Gender | F1: Age | G1: Salary | H1: Attendance (%) | I1: Performance Rating | J1: Joining Date | K1: Experience (Years) | L1: Experience Level | M1: Attendance Status | N1: Performance Category
A2: E001 | B2: Amit Sharma | C2: IT | D2: Analyst | E2: Male | F2: 28 | G2: 45000 | H2: 92 | I2: 4 | J2: 44362 | K2: 3 | L2: =IF(K2<2,"Fresher",IF(K2<5,"Junior","Senior")) -> Junior | M2: =IF(H2>=90,"Good",IF(H2>=75,"Average","Poor")) -> Good | N2: =IF(I2>=4,"High Performer",IF(I2>=3,"Average","Low Performer")) -> High Performer
A3: E002 | B3: Priya Singh | C3: HR | D3: Executive | E3: Female | F3: 26 | G3: 38000 | H3: 88 | I3: 3 | J3: 44571 | K3: 2 | L3: =IF(K3<2,"Fresher",IF(K3<5,"Junior","Senior")) -> Junior | M3: =IF(H3>=90,"Good",IF(H3>=75,"Average","Poor")) -> Average | N3: =IF(I3>=4,"High Performer",IF(I3>=3,"Average","Low Performer")) -> Average
A4: E003 | B4: Rahul Verma | C4: Sales | D4: Manager | E4: Male | F4: 35 | G4: 65000 | H4: 85 | I4: 4 | J4: 43544 | K4: 6 | L4: =IF(K4<2,"Fresher",IF(K4<5,"Junior","Senior")) -> Senior | M4: =IF(H4>=90,"Good",IF(H4>=75,"Average","Poor")) -> Average | N4: =IF(I4>=4,"High Performer",IF(I4>=3,"Average","Low Performer")) -> High Performer
A5: E004 | B5: Neha Gupta | C5: Finance | D5: Analyst | E5: Female | F5: 30 | G5: 52000 | H5: 91 | I5: 5 | J5: 44023 | K5: 4 | L5: =IF(K5<2,"Fresher",IF(K5<5,"Junior","Senior")) -> Junior | M5: =IF(H5>=90,"Good",IF(H5>=75,"Average","Poor")) -> Good | N5: =IF(I5>=4,"High Performer",IF(I5>=3,"Average","Low Performer")) -> High Performer
A6: E005 | B6: Vikas Yadav | C6: IT | D6: Executive | E6: Male | F6: 27 | G6: 40000 | H6: 76 | I6: 3 | J6: 44962 | K6: 1 | L6: =IF(K6<2,"Fresher",IF(K6<5,"Junior","Senior")) -> Fresher | M6: =IF(H6>=90,"Good",IF(H6>=75,"Average","Poor")) -> Average | N6: =IF(I6>=4,"High Performer",IF(I6>=3,"Average","Low Performer")) -> Average
A7: E006 | B7: Anjali Mehta | C7: HR | D7: Manager | E7: Female | F7: 40 | G7: 70000 | H7: 95 | I7: 5 | J7: 43238 | K7: 10 | L7: =IF(K7<2,"Fresher",IF(K7<5,"Junior","Senior")) -> Senior | M7: =IF(H7>=90,"Good",IF(H7>=75,"Average","Poor")) -> Good | N7: =IF(I7>=4,"High Performer",IF(I7>=3,"Average","Low Performer")) -> High Performer
A8: E007 | B8: Rohit Kumar | C8: Sales | D8: Executive | E8: Male | F8: 29 | G8: 42000 | H8: 82 | I8: 3 | J8: 44448 | K8: 3 | L8: =IF(K8<2,"Fresher",IF(K8<5,"Junior","Senior")) -> Junior | M8: =IF(H8>=90,"Good",IF(H8>=75,"Average","Poor")) -> Average | N8: =IF(I8>=4,"High Performer",IF(I8>=3,"Average","Low Performer")) -> Average
A9: E008 | B9: Sneha Kapoor | C9: Finance | D9: Manager | E9: Female | F9: 38 | G9: 68000 | H9: 89 | I9: 4 | J9: 43064 | K9: 11 | L9: =IF(K9<2,"Fresher",IF(K9<5,"Junior","Senior")) -> Senior | M9: =IF(H9>=90,"Good",IF(H9>=75,"Average","Poor")) -> Average | N9: =IF(I9>=4,"High Performer",IF(I9>=3,"Average","Low Performer")) -> High Performer
A10: E009 | B10: Arjun Singh | C10: IT | D10: Analyst | E10: Male | F10: 31 | G10: 48000 | H10: 93 | I10: 4 | J10: 43844 | K10: 5 | L10: =IF(K10<2,"Fresher",IF(K10<5,"Junior","Senior")) -> Senior | M10: =IF(H10>=90,"Good",IF(H10>=75,"Average","Poor")) -> Good | N10: =IF(I10>=4,"High Performer",IF(I10>=3,"Average","Low Performer")) -> High Performer
A11: E010 | B11: Kavita Joshi | C11: HR | D11: Executive | E11: Female | F11: 25 | G11: 36000 | H11: 78 | I11: 2 | J11: 45017 | K11: 1 | L11: =IF(K11<2,"Fresher",IF(K11<5,"Junior","Senior")) -> Fresher | M11: =IF(H11>=90,"Good",IF(H11>=75,"Average","Poor")) -> Average | N11: =IF(I11>=4,"High Performer",IF(I11>=3,"Average","Low Performer")) -> Low Performer
A12: E011 | B12: Deepak Mishra | C12: Sales | D12: Manager | E12: Male | F12: 36 | G12: 66000 | H12: 87 | I12: 4 | J12: 43331 | K12: 7 | L12: =IF(K12<2,"Fresher",IF(K12<5,"Junior","Senior")) -> Senior | M12: =IF(H12>=90,"Good",IF(H12>=75,"Average","Poor")) -> Average | N12: =IF(I12>=4,"High Performer",IF(I12>=3,"Average","Low Performer")) -> High Performer
A13: E012 | B13: Ritu Saxena | C13: Finance | D13: Executive | E13: Female | F13: 28 | G13: 41000 | H13: 90 | I13: 3 | J13: 44542 | K13: 3 | L13: =IF(K13<2,"Fresher",IF(K13<5,"Junior","Senior")) -> Junior | M13: =IF(H13>=90,"Good",IF(H13>=75,"Average","Poor")) -> Good | N13: =IF(I13>=4,"High Performer",IF(I13>=3,"Average","Low Performer")) -> Average
... A3351: E3350 | B3351: Kavita Joshi | C3351: HR | D3351: Executive | E3351: Female | F3351: 25 | G3351: 36000 | H3351: 78 | I3351: 2 | J3351: 45017 | K3351: 1 | L3351: =IF(K3351<2,"Fresher",IF(K3351<5,"Junior","Senior")) -> Fresher | M3351: =IF(H3351>=90,"Good",IF(H3351>=75,"Average","Poor")) -> Average | N3351: =IF(I3351>=4,"High Performer",IF(I3351>=3,"Average","Low Performer")) -> Low Performer
